notes,tags
"travel and tourism,tourism site",Travel and Tourism Site for Vermont -- Note added 6/6/13 19:19
virginia department,"2-1-1 VIRGINIA is a service of the Virginia Department of Social Services provided in partnership with the Council of Community Services, the Family Resource and Referral Center, The Planning Council, the United Way of Central Virginia, and the United Way of Greater Richmond and Petersburg. -- Note added 5/27/14 14:14"
virginia department,"2-1-1 VIRGINIA is a service of the Virginia Department of Social Services provided in partnership with the Council of Community Services, the Family Resource and Referral Center, The Planning Council, the United Way of Central Virginia, and the United Way of Greater Richmond and Petersburg. -- Note added 1/10/14 19:17"
"york state,new york state,department of transportation,new york","511 NY (New York State Department of Transportation), the free, official one-stop, all-encompassing telephone and Web service offering  information on transportation services and conditions throughout New York State.  -- Note added 1/24/14 14:34"
cooperative extension,Alabama Cooperative Extension System -- Note added 6/12/13 16:37
"cooperative extension,new mexico",New Mexico Cooperative Extension Publications -- Note added 7/25/13 17:38
"public health,department of public",Alabama Department of Public Health -- Note added 6/12/13 16:40
"travel and tourism,tourism site",Travel and Tourism Site for Alabama -- Note added 6/6/13 19:22
national guard,Alabama National Guard Counterdrug Program -- Note added 1/23/14 13:41
state board,Alabama State Board of Medical Examiners (an administrative and regulatory agency of the state of Alabama) and the Medical Licensure Commission of Alabama -- Note added 6/12/13 16:46
department of education,Alabama State Department of Education -- Note added 6/12/13 17:15
"travel and tourism,tourism site",Travel and Tourism Site for American Samoa -- Note added 6/6/13 19:22
national guard,Arkansas National Guard -- Note added 1/23/14 13:42
"travel and tourism,tourism site",Travel and Tourism Site for Arizona -- Note added 6/6/13 19:16
"travel and tourism,tourism site",Travel and Tourism Site for Arkansas -- Note added 6/6/13 19:23
department of education,Arkansas Department of Education -- Note added 12/10/14 6:56
economic development,Arkansas Economic Development Coorporation (AEDC) -- Note added 1/24/14 14:36
human services,"ARKids First health insurance, Arkansas Department of Human Services -- Note added 1/10/14 19:17"
state board,Arkansas State Board of Optometry -- Note added 11/18/13 15:44
state board,Arkansas State Board of Physical Therapy -- Note added 11/18/13 15:45
state board,Arkansas State Board of Collection Agencies -- Note added 11/18/13 15:45
"york state,new york state,new york",New York State Public Service Commission‚Äôs Consumer Web Site -- Note added 1/10/14 19:17
state board,Arizona State Board of Dental Examiners -- Note added 12/11/13 13:50
"carolina department,department of cultural,north carolina department,north carolina","USS North Carolina Battleship, North Carolina Department of Cultural Resources -- Note added 3/20/14 17:19"
"north carolina board,north carolina",North Carolina Board of Massage & Bodywork Therapy -- Note added 9/11/15 18:20
"public health,department of public","California Environmental Health Tracking Program, California Department of Public Health -- Note added 10/24/14 12:09"
north carolina,"College Foundation of North Carolina, a¬†service of the State¬†of North Carolina -- Note added 7/24/13 16:09"
economic development,Maryland Department of Business and Economic Development -- Note added 1/10/14 19:17
department of transportation,"Coliseum Boulevard Plume (CBP), an area in Montgomery, Alabama, where the groundwater 10-50 feet below land surface contains trichloroethylene (TCE).  Investigation, management, and cleanup of the groundwater is being conducted by the https://www.dot.state.al.us/ Alabama Department of Transportation (ALDOT). -- Note added 9/24/14 16:14"
"travel and tourism,tourism site",Travel and Tourism Site for Colorado -- Note added 6/6/13 19:23
north carolina,North Carolina DOT Complete Streets -- Note added 1/22/14 18:53
"department of public,carolina department,north carolina department,north carolina","Correction Enterprises, North Carolina Department of Public Safety -- Note added 7/24/13 14:00"
new york,"Center for Technology at the University at Albany, State University of New York -- Note added 6/29/15 15:02"
"travel and tourism,tourism site",Travel and Tourism Site for Connecticut -- Note added 6/6/13 19:28
national guard,Delaware National Guard -- Note added 1/23/14 14:03
"nc department,department of commerce","Division of Employment Security (DES), NC Department of Commerce (NCC) -- Note added 9/22/15 14:15"
"travel and tourism,tourism site",Travel and Tourism Site for Ohio -- Note added 6/6/13 19:30
"travel and tourism,tourism site,south carolina",Travel and Tourism Site for South Carolina -- Note added 6/6/13 19:30
virginia department,Virginia Department of Motor Vehicles -- Note added 6/6/14 20:27
department of education,American Samoa Department of Education -- Note added 4/4/14 10:58
"carolina department,department of transportation,north carolina department,north carolina","Driving95 Corridor Planning and Finance Study website, North Carolina Department of Transportation (NCDOT) -- Note added 9/22/15 16:56"
national guard,Wisconsin National Guard Drug Control Program -- Note added 1/23/14 14:03
washington state,Washington State University ExtensionEnergy Program -- Note added 11/20/14 7:13
"travel and tourism,tourism site,washington state",Travel and tourism site for Washington State -- Note added 6/6/13 19:36
"travel and tourism,tourism site",Travel and Tourism Site for Georgia -- Note added 6/6/13 19:36
"travel and tourism,tourism site",Travel and tourism site for state of Minnesota hosted by Explore Minnesota Tourism -- Note added 4/26/15 2:33
cooperative extension,Virginia Cooperative Extension  -- Note added 6/6/14 20:29
"state university extension,washington state",Washington State University Extension -- Note added 11/20/14 7:10
west virginia,West Virginia University Extension Service -- Note added 7/24/14 5:33
state university extension,Iowa State University Extension -- Note added 8/25/15 20:26
"cooperative extension,new mexico,cooperative extension service",New Mexico Cooperative Extension Service -- Note added 7/25/13 17:39
state university extension,Oregon State University Extension Service -- Note added 6/20/14 16:52
cooperative extension,Purdue (Indiana) Cooperative Extension -- Note added 7/19/13 13:34
"cooperative extension,cooperative extension service",University of Delaware Cooperative Extension Service -- Note added 6/7/13 16:52
state university extension,Utah State University extension -- Note added 8/21/14 5:14
department of education,Florida Department of Education -- Note added 6/17/15 13:06
national guard,Florida National Guard Counterdrug.  n   Florida Counterdrup Program - Under this authority our office provides oversight of the FLARNG and FLANG Substance Abuse Prevention Programs.      -- Note added 6/17/15 13:20
"public health,department of health","Florida Environmental Public Health Tracking, Florida Department of Health This web portal was supported by Cooperative Agreement Number 5U38EH000941 from the Centers for Disease Control and Prevention. Its contents are solely the responsibility of the authors (FL Tracking Team) and do not necessarily represent the official views of the Centers for Disease Control and Prevention. -- Note added 7/9/15 15:15"
department of agriculture,Florida Department of Agriculture and Consumer Services -- Note added 1/10/14 19:03
national guard,Georgia National Guard -- Note added 1/23/14 13:59
department of education,State of Georgia Department of Education -- Note added 6/6/13 18:08
"department of education,state board","GEAR UP Mississippi operates as part of the Institutions of Higher Learning, Office of Academic and Student Affairs in collaboration with the Mississippi Department of Education, State Board for Community and Junior Colleges and community and national partners. Funding is provided by the United States Department of Education. -- Note added 7/23/14 17:21"
national guard,Lousiana National Guard -- Note added 1/22/14 19:28
new mexico,New Mexico Bureau of Geology & Mineral Resources -- Note added 7/16/14 5:13
"travel and tourism,tourism site","Hawaii Tourism Authority, Travel and Tourism Site for Hawaii -- Note added 2/10/15 14:00"
"department of agriculture,carolina department,north carolina department,north carolina","Got to Be NC Agriculture, Goodness Grows in NC, North Carolina Department of Agriculture & Consumer Services -- Note added 6/28/13 16:56"
"department of agriculture,nc department","Got To Be NC Festival, a production of the NC Department of Agriculture -- Note added 8/2/13 15:48"
department of education,Hawaii State Department of Education -- Note added 6/6/13 18:08
"new mexico,historical society",Historical Society of New Mexico -- Note added 7/16/14 5:16
national guard,Idaho Army National Guard -- Note added 1/23/14 14:03
"travel and tourism,tourism site,new york",Travel and Tourism Site for New York -- Note added 6/6/13 19:12
north carolina,"Inclusive Health, North Carolina Health Insurance Risk Pool, Inc. -- Note added 11/20/13 19:54"
"economic development,development authority,economic development authority",Guam Economic Development Authority (GEDA) web site. GEDA is an autonomous agency of the Government of Guam and a Guam public corporation. -- Note added 6/7/13 17:59
"economic development,development authority,economic development authority",Iowa Economic Development Authority -- Note added 11/21/13 15:05
national guard,Iowa National Guard -- Note added 1/23/14 14:03
"public health,north carolina","The North Carolina Division of Public Health, Injury and Violence Prevention Branch, Youth Suicide Prevention Program works in collaboration with The North Carolina Youth Suicide Prevention Task Force to address youth suicide prevention in North Carolina. -- Note added 11/21/13 20:33"
"state of north,north carolina",Julian F. Keith Alcohol and Drug Abuse Treatment Center. JFK ADATC operates under the authority of the State of North Carolina through the Division of State Operated Healthcare Facilities -- Note added 9/22/15 17:00
national guard,Kentucky National Guard -- Note added 1/23/14 14:03
"travel and tourism,tourism site",Travel and Tourism Site for Kentucky -- Note added 6/6/13 19:38
state board,Kansas State Board of Healing Arts -- Note added 7/9/14 4:38
state board,Kansas State Board of Nursing -- Note added 7/9/14 4:39
department of transportation,Kansas Department of Transportation -- Note added 3/20/14 15:35
historical society,Kansas Historical Society -- Note added 7/9/14 4:41
department of agriculture,Kentucky Department of Agriculture -- Note added 7/5/13 17:39
board of examiners,LA Board of Examiners of Nursing Facility Administrators -- Note added 9/22/15 20:03
"state board,louisiana state board",Louisiana State Board of Social Work Examiners -- Note added 8/24/15 14:41
"state board,louisiana state board", Louisiana State Board of Chiropractic Examiners -- Note added 8/24/15 14:42
board of examiners,Louisiana Board of Examiners of Certified Shorthand Reporters -- Note added 9/23/15 12:16
department of agriculture,"Louisiana Egg Commission, Louisiana Department of Agriculture & Forestry  -- Note added 9/23/15 14:53"
"state board,louisiana state board",Louisiana State Board of Architectural Examiners -- Note added 1/14/14 14:13
board of examiners,Louisiana Board of Examiners in Dietetics and Nutrition  -- Note added 8/24/15 14:48
virgin islands,Legislature of the Virgin Islands -- Note added 8/18/14 14:07
"carolina department,south carolina","South Carolina Department of Labor, Licensing and Regulation -- Note added 1/17/14 15:50"
development authority,Louisiana Community Development Authority -- Note added 9/23/15 12:18
"travel and tourism,tourism site",Travel and Tourism Site for Louisiana -- Note added 6/6/13 19:40
board of examiners,Licensed Professional Counselors Board of Examiners -- Note added 8/24/15 14:53
board of examiners,LLPVRC Board of Examiners -- Note added 8/24/15 14:54
"state board,board of examiners,louisiana state board",Louisiana State Board of Examiners of Psychologists   -- Note added 8/24/15 14:55
"state board,board of examiners,louisiana state board",Louisiana State Board of Examiners for Sanitarians -- Note added 9/23/15 16:47
"state board,board of examiners,louisiana state board",Louisiana State Board of Examiners of Interior Designers -- Note added 9/23/15 16:48
"state board,louisiana state board",Louisiana State Board of Private Investigator Examiners -- Note added 8/24/15 14:55
"state board,louisiana state board",LOUISIANA STATE BOARD OF PRACTICAL NURSE EXAMINERS -- Note added 8/24/15 14:56
historical society,Mass historical society -- Note added 8/26/15 16:12
"travel and tourism,tourism site",Travel and Tourism Site for Massachusetts -- Note added 6/6/13 19:40
department of transportation,"Maryland 511 Traveller Information, Maryland Department of Transportation -- Note added 1/26/15 12:49"
"travel and tourism,tourism site",Travel and Tourism Site for Michigan -- Note added 6/6/13 19:41
national guard,Michigan National Guard -- Note added 1/23/14 14:03
national guard,Minnesota National Guard URL must have 'www' to resolve  -- Note added 4/26/15 5:37
development authority,Mississippi Development Authority -- Note added 7/25/14 12:42
national guard,Missouri National Guard -- Note added 1/23/14 14:03
state board,Mississippi State Board of Contractors -- Note added 7/25/14 12:48
state university extension,Mississippi State University Extension -- Note added 7/25/14 12:52
state university extension,Michigan State University Extension -- Note added 11/19/13 13:43
state university extension,Montana State University Extension -- Note added 11/22/13 13:44
department of commerce,"Montana Facility Finance Authority, MT Department of Commerce -- Note added 11/22/13 13:46"
department of commerce,"Montana Finance Information Center, MT Department of Commerce -- Note added 11/22/13 13:55"
"travel and tourism,tourism site",Travel and Tourism Site for the Northern Mariana Islands -- Note added 6/6/13 19:42
virgin islands,"National Archives and Records Management Unit, Government of the Virgin Islands -- Note added 8/18/14 14:03"
north carolina,North Carolina Education Lottery -- Note added 6/12/13 14:18
north carolina,North Carolina Alcoholic Beverage Control Commission -- Note added 9/11/15 20:30
"department of agriculture,carolina department,north carolina department,north carolina","Multi-Hazard Threat Database, Emergency Programs Division, North Carolina Department of Agriculture and Consumer Services -- Note added 7/26/13 15:42"
north carolina,North Carolina Division of Air Quality -- Note added 3/20/14 15:16
north carolina,The North Carolina Auctioneers board -- Note added 9/11/15 20:32
north carolina,North Carolina Arts Council -- Note added 11/20/13 12:24
"department of education,nc department,health and human,human services,department of health","NC Assistive technology Program - Receives grant funding under Public Law 108-364  through the Rehabilitation Services Administration, U.S. Department of Education, and is administered by the N.C. Department of Health and Human Services, Division of Vocational Rehabilitation Services -- Note added 11/12/15 15:02"
"north carolina board,north carolina",North Carolina Board of Architecture -- Note added 9/11/15 20:37
"north carolina board,north carolina",North Carolina Board of Dietetics/Nutrition   -- Note added 9/11/15 20:38
board of examiners,NC Board of Examiners of electrical contractors -- Note added 9/11/15 20:39
board of examiners,NC Board of Examiners for engineers and surveyors -- Note added 9/11/15 20:40
"north carolina board,north carolina",The North Carolina Board for the Licensing of Geologists  -- Note added 9/14/15 20:27
"north carolina board,north carolina",The North Carolina Board of Licensed Professional Counselors -- Note added 9/14/15 20:28
north carolina,The North Carolina Soil Scientist Licensing Program -- Note added 9/14/15 20:28
board of examiners,NC Board of Examiners for Speech Language and Pathologist & Audiologist n  -- Note added 9/14/15 20:30
"north carolina board,north carolina",The North Carolina Board of Occupational Therapy -- Note added 9/14/15 20:32
"state of north,north carolina",The Board of Podiatry Examiners for the State of North Carolina  -- Note added 9/14/15 20:32
"carolina department,department of transportation,north carolina department,north carolina","Rail Division, North Carolina Department of Transportation -- Note added 7/24/13 16:07"
north carolina,North Carolina Social Work Certification and Licensure Board -- Note added 9/22/15 14:10
north carolina,"The North Carolina Center for Global Logistics is a collaborative effort between community colleges, universities, and industry partners focused on developing a highly trained workforce for the logistics and supply chain industry. -- Note added 9/14/15 20:47"
"north carolina board,north carolina",North Carolina Board of Chiropractic Examiners -- Note added 9/14/15 20:37
"carolina department,department of cultural,north carolina department,north carolina","North Carolina Civil War Sesquicentennial, North Carolina Department of Cultural Resources -- Note added 11/12/15 14:54"
"north carolina office,north carolina",North Carolina Office of the Commissioner of Banks (NCCOB) -- Note added 11/19/13 18:51
"carolina department,department of commerce,north carolina department,north carolina",North Carolina Department of Commerce -- Note added 7/24/13 16:42
nc department,N.C. Department of Environment and Natural Resources -- Note added 7/24/13 16:27
"state board,north carolina",North Carolina State Board of Dental Examiners -- Note added 9/14/15 20:40
north carolina,"This site is a tool for North Carolina citizens and providers to reduce the impact of diabetes through leadership, education, communication and community involvement. -- Note added 9/14/15 20:41"
north carolina,"The NC Helping Neighbors Fund is managed by the Governor's Office, in partnership with United Way of North Carolina. Donations are tax deductible; 100% of donated funds will go to the states impacted by Hurricane Sandy. -- Note added 9/14/15 20:48"
"nc department,department of public"," Juvenile Justice section of the N.C. Department of Public Safety, Division of Adult Correction and Juvenile Justice.  -- Note added 9/15/15 16:00"
"carolina department,north carolina department,north carolina",North Carolina Department of Insurance -- Note added 11/19/13 20:06
north carolina,North Carolina Drought Management Advisory Council -- Note added 11/12/15 14:05
"north carolina office,north carolina",The North Carolina Office of EMS -- Note added 9/15/15 16:07
north carolina,The North Carolina Forest Service operates a system of six Educational State Forests (ESFs) designed to teach the public - especially school children - about the forest environment. -- Note added 9/15/15 16:34
north carolina,"North Carolina Farm Fresh is a directory of pick-your-own farms, roadside farm markets, and farmers markets throughout North Carolina. It is designed to help the consumer, find the freshest locally grown fruits, vegetables, christmas trees, ornamental plants, flowers, and herbs. -- Note added 9/15/15 16:34"
"department of agriculture,carolina department,north carolina department,north carolina","NC Farm to School program, North Carolina Department of Agriculture and Consumer Services -- Note added 6/12/13 18:34"
north carolina,"North Carolina Farmworker Health Program (NCFHP), a statewide Migrant Health Voucher Program within the Office of Rural Health -- Note added 11/12/15 13:44"
north carolina,"North Carolina Forest Action Plan, North Carolina Forest Service -- Note added 11/12/15 13:40"
north carolina,North Carolina Forest Action Plan See historical snapshot at: http://web.archive.org/web/20140517174935/http://ncforestassessment.com/  -- Note added 11/12/15 13:39
"state of north,north carolina",State of North Carolina -- Note added 1/14/14 13:05
"department of public,nc department,north carolina","Governor's School of North Carolina, NC Department of Public Instruction -- Note added 6/12/13 18:35"
north carolina,The North Carolina Global TransPark -- Note added 9/15/15 16:39
human services,NC Health & Human Services -- Note added 9/15/15 16:39
north carolina,North Carolina Home Inspetor Licensure Board -- Note added 11/20/13 12:38
north carolina,The North Carolina Interpreters & Transliterators Licensing Board -- Note added 9/15/15 16:45
north carolina,NCknows is a service that allows North Carolina residents to get help from librarians and use their library resources remotely through a computer. NCknows is a pilot project supported by a grant under the Federally-funded Library Services and Technology Act (LSTA). The project is administered by the State Library of North Carolina in Raleigh with help from a committee of librarians and directors from North Carolina's libraries. -- Note added 11/12/15 13:22
"state board,board of examiners,north carolina","North Carolina State Board of Examiners of Plumbing, Heating and Fire Sprinkler Contractors -- Note added 9/15/15 16:46"
north carolina,North Carolina League of Municipalities -- Note added 6/6/13 18:08
north carolina,the board of Marriage and family therapy of North Carolina -- Note added 9/15/15 16:48
north carolina,The North Carolina Locksmith Licensing Board -- Note added 9/15/15 16:48
"state of north,north carolina office,north carolina",State of North Carolina Office of Information Technology Services -- Note added 9/15/15 16:49
north carolina,North Carolina Maritime Museum System -- Note added 8/2/13 15:50
"department of cultural,nc department,north carolina","North Carolina Highway Historical Marker Program, NC Department of Cultural Resources -- Note added 11/12/15 13:19"
north carolina,The North Carolina Natural Heritage Program -- Note added 9/15/15 16:56
north carolina,"Established in 1987, the North Carolina Natural Heritage Trust Fund provided supplemental funding to select state agencies for the acquisition and protection of important natural areas, to preserve the state's ecological diversity and cultural heritage, and to inventory the natural heritage resources of the state. In July 2013, these key purposes were incorporated in the Clean Water Management Trust Fund enabling legislation and the NHTF statute was repealed. See historical snapshot at:  http://web.archive.org/web/20150129185256/http://www.ncnhtf.org/pages/aboutnhtf.htm  -- Note added 11/12/15 13:15"
"north carolina office,north carolina",North Carolina Office of Administrative Hearings -- Note added 9/15/15 16:57
"state board,board of examiners,north carolina",he North Carolina State Board of Examiners in Optometry -- Note added 9/15/15 16:58
"public health,nc department,department of public","NC Physical Activity and Nutrition Branch (NC PAN), NC Department of Public Health See historical snapshot at: http://web.archive.org/web/20130128034822/http://www.ncpanbranch.com/  -- Note added 11/12/15 13:12"
"north carolina board,north carolina",The North Carolina Board of Physical Therapy Examiners -- Note added 9/15/15 17:04
"department of cultural,north carolina office,north carolina","Historical Publications, North Carolina Office of Archives and History, Department of Cultural Resources -¬†www.ncpublications.com -- Note added 6/6/13 18:34"
"public health,north carolina",North Carolina Division of Public Health -- Note added 7/26/13 15:09
"human services,department of health,nc department,health and human","Radiation Protection Section, NC Department of Health and Human Services -- Note added 1/14/14 14:18"
north carolina,the North Carolina Respiratory Care   -- Note added 9/15/15 17:13
north carolina,North Carolina Rural Electrification Authority -- Note added 9/15/15 17:14
state board,NC State Board of Environmental Health Specialist Examiners -- Note added 11/19/13 20:40
north carolina,North Carolina Seniors' Health Insurance Information Program (SHIIP) -- Note added 1/22/14 19:19
"department of public,public health,nc department,north carolina","North Carolina Sickle Cell Syndrome Program, NC Department of Public Health -- Note added 11/12/15 13:09"
"department of public,carolina department,north carolina department,north carolina",The North Carolina State Improvement Project (NC SIP ). NC SIP is a program in the Exceptional Children Division of the North Carolina Department of Public Instruction (NC DPI). -- Note added 9/15/15 17:19
north carolina,"Thank you for visiting ACCESSNC, your one-stop source for North Carolina economic data and site information. -- Note added 9/15/15 17:19"
north carolina,North Carolina Social Work Certification and Licensure Board -- Note added 9/22/15 14:12
"human services,department of health,nc department,health and human","Tobacco Free Schools, NC Department of Health and Human Services -- Note added 2/25/14 13:20"
"state of north,north carolina",State of North Carolina Japan Office -- Note added 7/24/13 16:40
"carolina department,north carolina department,north carolina",North Carolina Department of State Treasurer -- Note added 6/6/13 18:09
north carolina,North Carolina Veterinary Medical Board -- Note added 9/15/15 17:30
north carolina,North Carolina Division of Water Resources -- Note added 11/12/15 12:58
"health and human,north carolina,public health,human services,department of health","North Carolina Well Contractors Certification Commission - protects the public health and safety by ensuring the integrity and competence of well contractors through examination, certification, continuing education and enforcement. The Well Contractors Certification Unit is now part of the Department of Health and Human Services. -- Note added 11/12/15 12:57"
"carolina department,north carolina department,north carolina",NC Zoo is an agency of the North Carolina Department of Natural and Cultural Resources -- Note added 11/12/15 12:48
"travel and tourism,tourism site",Travel and Tourism Site for North Dakota -- Note added 6/6/13 19:42
historical society,Nebraska State Historical Society -- Note added 12/9/13 18:24
economic development,Nebraska Department of Economic Development -- Note added 12/6/13 19:50
department of transportation,Nevada Department of Transportation -- Note added 6/26/13 15:23
"travel and tourism,new mexico,tourism site",Travel and Tourism Site for New Mexico -- Note added 6/6/13 19:42
economic development,Pennsylvania Department of Community & Economic Development -- Note added 6/6/13 18:08
historical society,NH Historical Society -- Note added 9/2/15 19:01
"economic development,development authority,economic development authority",New Jersey Economic Development Authority -- Note added 9/16/15 15:52
new mexico,New Mexico Lottery -- Note added 6/12/13 14:20
"new mexico,public health",New Mexico Environmental Public Health Tracking -- Note added 10/24/14 12:11
new mexico,"Special Supplemental Nutrition Program for New Mexico Women, Infants & Children -- Note added 1/10/14 19:17"
"human services,public health,health and human","Nutrition Services Branch, Women's and Children's Health, NC Division of Public Health, NCDepartment of Health and Human Services  -- Note added 3/20/14 16:33"
"human services,department of health,health and human","Aging and Disability Services Division, Department of Health and Human Services, State of Nevada -- Note added 6/17/13 15:40"
"york state,new york state,new york",New York State Conference of Mayors and Municipal Officials (NYCOM) -- Note added 7/2/15 10:49
"historical society,new york",New York Historical Society Museum and Library -- Note added 7/2/15 10:50
"york state,new york state,new york",New York State Council on the Arts -- Note added 7/2/15 10:51
"york state,new york state,new york",New York State eGovernment listing of state agencies -- Note added 9/25/13 15:35
"york state,new york state,new york",New York State Fair -- Note added 6/12/13 18:48
"york state,new york state,new york",New York State Homes and Community Renewal -- Note added 9/9/15 13:48
"york state,new york state,new york",New York State Local Government IT Directors Association (NYSLGITDA) -- Note added 7/2/15 10:59
"york state,new york state,new york",New York State Police Recruitment Center -- Note added 1/3/14 13:14
historical society,Oregon Historical Society -- Note added 6/20/14 7:38
human services,OK dept of human services -- Note added 8/28/15 18:21
north carolina,North Carolina Division of Environmental Assistance and Customer Service   -- Note added 9/15/15 17:43
south carolina,South Carolina Ports Authority -- Note added 6/6/13 18:08
washington state,Washington State Potato Commission -- Note added 11/17/14 7:11
"carolina department,department of cultural,north carolina department,north carolina","Queen Anne's Revenge, a project of the http://www.qaronline.org/ North Carolina Department of Cultural Resources to educate the next generation on colonial life -- Note added 11/20/13 17:34"
"nc department,department of public","Ready NC, NC Department of Public Safety -- Note added 1/14/14 14:35"
state board,The State Board of Refrigeration Examiners -- Note added 9/15/15 17:47
department of education,Division of Vocational Rehabilitation - Florida Department of Education -- Note added 7/1/15 18:43
south carolina,"Santee Cooper, also known officially from the 1930s as the South Carolina Public Service Authority, is South Carolina's state-owned electric and water utility that came into being during the New Deal. -- Note added 8/25/14 16:04"
new mexico,New Mexico Office of the State Auditor -- Note added 7/16/14 5:38
state board,"Florida State Board of Administration, created by the Florida Constitution and is governed by a three-member Board of Trustees (Trustees), comprised of the Governor as Chair, the Chief Financial Officer and the Attorney General. -- Note added 8/25/14 16:59"
"state board,washington state",Washington State Board for Community and Technical Colleges -- Note added 4/8/14 18:22
south carolina,South Carolina Education Lottery -- Note added 6/12/13 14:24
south carolina,South Carolina Emergency Management Division -- Note added 8/28/15 15:20
national guard,SC National Guard -- Note added 8/28/15 15:24
"department of public,carolina department,north carolina department,north carolina","School Planning Section, North Carolina Department of Public Instruction -- Note added 8/25/14 15:01"
south carolina,South Carolina Independent Living Council (SCILC) -- Note added 9/22/15 15:16
south carolina,South Carolina Independent Living Council (SCILC) -- Note added 9/22/15 15:17
south carolina,"The South Carolina EPSCoR/IDeA Program, CCCR COBRE, and the USC School of Medicine Instrumentation Resource Facility -- Note added 8/28/15 15:28"
south carolina,South Carolina School for the Deaf and Blind -- Note added 8/25/14 15:03
south carolina,South Carolina Statewide Independent Living Council (SILC) -- Note added 9/22/15 15:19
"carolina department,south carolina",South Carolina Department of Revenue -- Note added 8/25/14 15:04
south carolina,South Carolina Higher EducationTuition Grants Commission -- Note added 8/28/15 15:30
department of transportation,South Dakota Department of Transportation -- Note added 7/17/14 5:53
development authority,South Dakota Housing Development Authority -- Note added 7/17/14 5:54
north carolina,STATE EMPLOYEES ASSOCIATION OF NORTH CAROLINA -- Note added 9/15/15 17:56
department of transportation,"Authorized Service Website for the Arizona Department of Transportation, Motor Vehicle Division -- Note added 1/10/14 19:17"
north carolina,North Carolina State Health Plan for Teachers and State Employees -- Note added 7/25/14 15:10
public health,"State Laboratory of Public Health, NC Division of Public Health -- Note added 7/26/13 15:11"
south carolina,south carolina arts commission -- Note added 8/28/15 15:32
"historical society,south carolina",south carolina historical society -- Note added 8/28/15 15:32
"york state,new york state,new york","Susquehanna River Basin Commission -¬†The Susquehanna River Basin Compact, was signed into law on December 24, 1970. The Compact, as adopted by the Congress of the United States, and the legislatures of New York State, Pennsylvania and Maryland, provides the mechanism to guide the conservation, development, and administration of the water resources of the vast river basin. -- Note added 6/26/13 16:30"
north carolina,"Start Squad, kid's portal to the State Library of North Carolina -- Note added 8/25/14 12:12"
pattern to include,"*state.ak.us pattern to include Alaska state agencies, such as those at: https://www.google.com/#q=site:state.ak.us  -- Note added 7/8/14 12:25"
pattern to include,"*state.al.us pattern to include Alabama state agencies, such as those at: https://www.google.com/#q=site:state.al.us  -- Note added 7/8/14 12:26"
pattern to include,"*state.az.us pattern to include Arizona state agencies, such as those at https://www.google.com/#q=site:state.az.us.  -- Note added 12/13/13 13:17"
pattern to include,"*state.ca.us pattern to include California state agencies, such as those at: https://www.google.com/#q=site:state.ca.us  -- Note added 6/27/14 16:14"
pattern to include,"*state.fl.us pattern to include Florida state agencies, such as those at: https://www.google.com/#q=site:state.fl.us   -- Note added 6/27/14 16:15"
pattern to include,"State website is at http://www.maryland.gov. state.md.us pattern to include Maryland state agencies, such as those at https://www.google.com/#q=site:state.md.us. -- Note added 7/23/14 16:07"
pattern to include,*.state.ne.us pattern to include several state agencies. -- Note added 12/9/13 18:31
pattern to include,"http://www.state.nj.us/ and http://www.nj.gov both resolve to the same site. n*state.nj.us pattern to include New Jersey state agencies, such as those at: https://www.google.com/#q=site:state.nj.us  -- Note added 7/8/14 13:04"
new mexico,State of New Mexico -- Note added 7/16/14 5:42
travel and tourism,State of Wyoming travel and tourism website -- Note added 7/23/14 5:34
new york,"Staten Island Borough President, New York, NY -- Note added 11/20/13 18:23"
north carolina,"Welcome to Teach4NC, dedicated to the recruitment of teaching professionals for public schools in North Carolina. -- Note added 9/15/15 18:19"
economic development,kentucky cabinet of economic development -- Note added 8/27/15 16:58
national guard,Tennessee National Guard -- Note added 6/26/14 7:13
"travel and tourism,tourism site","Tennessee Vacation, the travel and tourism site for the state of Tennessee -- Note added 8/18/14 15:23"
"travel and tourism,tourism site",Travel and Tourism Site for Alaska -- Note added 6/6/13 19:44
"travel and tourism,tourism site",Travel and Tourism Site for Iowa -- Note added 6/6/13 19:44
"travel and tourism,tourism site",Travel and Tourism Site for Kansas -- Note added 6/6/13 19:44
travel and tourism,Travel and Tourism Sites for Nevada -- Note added 6/6/13 19:11
travel and tourism,Travel and Tourism Sites for Oklahoma -- Note added 6/6/13 19:11
"travel and tourism,tourism site","Travel and Tourism Site for Oregon, Oregon Tourism Commission -- Note added 7/23/14 16:09"
travel and tourism,Travel and Tourism Sites for South Dakota -- Note added 6/6/13 19:11
travel and tourism,Travel and Tourism Sites for Texas -- Note added 6/6/13 19:11
travel and tourism,Travel and Tourism Sites for Wisconsin -- Note added 6/6/13 19:11
washington state,Washington State Tobacco Settlement Authority -- Note added 4/8/14 18:29
"cooperative extension,cooperative extension service","University of Arkansas, Division of AgricultureResearch & Extension, University of Arkansas System Arkansas Cooperative Extension Service -- Note added 12/10/14 7:11"
"cooperative extension,cooperative extension service",University of Alaska Fairbanks Cooperative Extension Service -- Note added 6/7/13 16:34
virgin islands,U.S. Virgin Islands Bureau of Economic Research -- Note added 8/18/14 14:14
"economic development,development authority,virgin islands,economic development authority",U.S. Virgin Islands Economic Development Authority -- Note added 8/18/14 14:12
"cooperative extension,cooperative extension service",University of Wyoming Cooperative Extension Service -- Note added 7/23/14 5:39
virginia department,Virginia Department for Aging and Rehabilitative Services -- Note added 8/27/15 14:22
virginia department,Virginia Department for Aging and Rehabilitative Services -- Note added 6/6/13 18:09
virginia department,Virginia Department of Fire Programs -- Note added 6/12/13 18:15
virginia department,Virginia Department for the Blind and Vision Impaired -- Note added 7/11/14 19:09
virginia department,Virginia Department for the Deaf and Hard of Hearing (VDDHH) -- Note added 7/11/14 19:09
state of north,State of North Carolina's Vendor Registration -- Note added 1/14/14 13:04
historical society,Vermont Historical Society -- Note added 8/18/14 5:36
development authority,Virginia Housing Development Authority -- Note added 7/11/14 19:10
"department of agriculture,economic development,virginia department",The Virginia Horse Industry Board is responsible for the promotion and economic development of the horse industry in Virginia and operates through the Virginia Department of Agriculture and Consumer Services. -- Note added 7/11/14 19:12
"department of education,virgin islands",Virgin Islands Department of Education -- Note added 8/18/14 14:08
virgin islands,Office of the Virgin Islands Inspector General -- Note added 8/18/14 14:13
virgin islands,U.S. Virgin Islands Police Department -- Note added 8/18/14 14:16
travel and tourism,Travel and Tourism Sites for Virginia -- Note added 6/6/13 19:11
economic development,Virginia Economic Development Partnership's Ally Information Exchange -- Note added 7/11/14 20:17
"department of transportation,virginia department",Virginia Department of Transportation -- Note added 7/11/14 20:18
"travel and tourism,tourism site",Travel and Tourism Site for California -- Note added 8/27/13 12:59
travel and tourism,Travel and Tourism Sites for Delaware -- Note added 6/6/13 19:11
"travel and tourism,tourism site",Travel and Tourism Site for Florida -- Note added 6/6/13 19:15
travel and tourism,Travel and Tourism Sites for Guam -- Note added 6/6/13 19:11
"travel and tourism,tourism site",Travel and Tourism Site for Idaho -- Note added 6/6/13 19:48
travel and tourism,Travel and Tourism Sites for Maine -- Note added 6/6/13 19:11
"travel and tourism,tourism site",Travel and Tourism Site for Maryland -- Note added 6/6/13 19:17
travel and tourism,Travel and Tourism Sites for Mississippi -- Note added 6/6/13 19:11
"travel and tourism,tourism site",Travel and Tourism Site for Missouri -- Note added 6/6/13 19:34
"travel and tourism,tourism site",Travel and Tourism Site for Montana -- Note added 6/6/13 19:33
"travel and tourism,tourism site,north carolina",Travel and Tourism Site for North Carolina -- Note added 6/6/13 19:33
"travel and tourism,tourism site",Travel and Tourism Site for Nebraska -- Note added 6/6/13 19:33
"travel and tourism,tourism site",Travel and Tourism Site for Pennsylvania -- Note added 6/6/13 19:32
"travel and tourism,tourism site",Travel and Tourism Site for Rhode Island -- Note added 6/6/13 19:32
"travel and tourism,virgin islands,tourism site",Travel and tourism site for the US Virgin Islands -- Note added 6/6/13 19:47
"travel and tourism,tourism site",Travel and Tourism Site for Utah -- Note added 6/6/13 19:31
virgin islands,Supreme Court of the United States Virgin Islands -- Note added 8/18/14 14:06
north carolina,North Carolina Commission on Volunteerism and Community Service -- Note added 11/10/15 20:34
national guard,Vermont National Guard -- Note added 1/23/14 14:03
washington state,Washington State Lottery -- Note added 12/2/14 7:23
washington state,Washington State Seed Potato Commission -- Note added 11/12/14 6:26
"travel and tourism,tourism site",Travel and Tourism Site for the District of Columbia -- Note added 6/6/13 19:31
national guard,Washington Air National Guard -- Note added 1/3/14 13:08
national guard,Washington Army National Guard -- Note added 1/23/14 14:03
national guard,Washington National Guard -- Note added 1/23/14 14:03
washington state,Washington State Wine Commission -- Note added 11/12/14 6:23
"north carolina office,north carolina","The Way We Lived in North Carolina, presented by http://www.ah.dcr.state.nc.us/ The North Carolina Office of Archives & History. -- Note added 8/13/14 17:41"
cooperative extension,University of Rhode Island Cooperative Extension -- Note added 6/7/13 18:31
economic development,Washington Economic Development Finance Authority -- Note added 11/12/14 6:21
public health,"Women's Health Branch, NC Division of Public Health -- Note added 7/26/13 15:11"
"economic development,development authority,economic development authority",Wisconsin Housing and Economic Development Authority -- Note added 8/11/14 5:30
virgin islands,Virgin Islands Lottery -- Note added 6/12/13 14:29
historical society,Wisconsin Historical Society -- Note added 8/11/14 5:26
"human services,health and human","NC Dept of Health and Human services, division of State operated healthcare facilities -- Note added 9/14/15 20:51"
washington state,Washington State Convention Center -- Note added 11/6/14 7:30
washington state,Washington State Commission on Pesticide Registration -- Note added 11/6/14 7:32
washington state,Washington State Housing Finance Commission -- Note added 11/6/14 7:27
washington state,Washington State School for the Blind -- Note added 7/31/13 16:31
"virginia department,department of agriculture,west virginia",West Virginia Department of Agriculture -- Note added 3/31/14 13:07
"virginia department,department of commerce,west virginia",West Virginia Department of Commerce -- Note added 3/24/14 16:50
west virginia,West Virginia Division of Culture and History -- Note added 3/31/14 13:08
"virginia department,department of health,health and human,west virginia",West Virginia Department of Health and Human Resources -- Note added 7/24/14 5:50
west virginia,West Virginia Housing Development Fund -- Note added 7/24/14 5:51
west virginia,West Virginia Higher Education Policy Commission -- Note added 3/31/14 13:12
"virginia department,department of commerce,west virginia","West Virginia Department of Commerce, Division of Labor -- Note added 7/24/14 5:52"
west virginia,West Virginia Lottery -- Note added 6/12/13 14:29
west virginia,West Virginia Network for Educational Telecomputing -- Note added 7/24/14 5:54
west virginia,West Virginia Consolidated Public Retirement Board -- Note added 3/31/14 13:33
west virginia,West Virginia State Parks -- Note added 3/31/14 13:34
west virginia,West Virginia State Treasurer's Office -- Note added 3/31/14 13:35
"travel and tourism,tourism site,west virginia",Travel and Tourism Site for West Virginia -- Note added 6/6/13 19:18
"development authority,west virginia",West Virginia Water Development Authority -- Note added 7/24/14 5:57
national guard,Montana Army National Guard -- Note added 3/2/15 6:52
"travel and tourism,tourism site",Travel and Tourism Site for Wyoming -- Note added 6/6/13 19:31
economic development,"Virginia Economic Development Partnership. As a state authority, the Partnership is governed by a 25 member http://yesvirginia.org/AboutUs/BoardOfDirectors Board Of Directors comprised of businesspersons from around Virginia, each of whom is appointed by the http://www.governor.virginia.gov Governor and the General Assembly.  -- Note added 11/20/13 18:52"
